/* Base de données: base_site_commerce_ebenus */

SET FOREIGN_KEY_CHECKS = 0; 
DROP TABLE IF EXISTS Utilisateur;
DROP TABLE IF EXISTS Role;
DROP TABLE IF EXISTS Adresse;
DROP TABLE IF EXISTS Produit;
DROP TABLE IF EXISTS Commande;
DROP TABLE IF EXISTS ArticleCommande;


 CREATE TABLE Role (
	idRole INTEGER PRIMARY KEY AUTO_INCREMENT,
	identifiant VARCHAR(50),
	description VARCHAR(500),
	marquerEffacer  TINYINT(1) DEFAULT 0,
	version int(15) DEFAULT 0
 )ENGINE=InnoDB DEFAULT CHARSET=utf8;
 
 CREATE TABLE Utilisateur (
	idUtilisateur INTEGER PRIMARY KEY AUTO_INCREMENT,
	idRole INTEGER NOT NULL,
	civilite VARCHAR(100),
	prenom VARCHAR(100),
	nom VARCHAR(100),
	identifiant VARCHAR(100),
	motPasse VARCHAR(100),
	dateNaissance TIMESTAMP DEFAULT CURRENT_TIMESTAMP,
	dateCreation TIMESTAMP DEFAULT CURRENT_TIMESTAMP,
	dateModification TIMESTAMP DEFAULT CURRENT_TIMESTAMP,
	actif TINYINT(1) DEFAULT 1,
	marquerEffacer  TINYINT(1) DEFAULT 0,
	version INTEGER DEFAULT 1,
	CONSTRAINT `FK_Utilisateur_Role` FOREIGN KEY (idRole) referenceS Role (idRole)
 )ENGINE=InnoDB DEFAULT CHARSET=utf8;


 CREATE TABLE Adresse (
	idAdresse INTEGER PRIMARY KEY AUTO_INCREMENT,
	idUtilisateur INTEGER NOT NULL,
	rue VARCHAR(100),
	codePostal VARCHAR(100),
	ville VARCHAR(100),
	pays VARCHAR(100),
	statut VARCHAR(10) DEFAULT 'P',
	typeAdresse VARCHAR(10) DEFAULT 'L',
	principale TINYINT(1) DEFAULT 0,
	version INTEGER DEFAULT 1,
	CONSTRAINT `FK_Adresse_Utilisateur` FOREIGN KEY (idUtilisateur) referenceS Utilisateur (idUtilisateur) ON DELETE CASCADE
 )ENGINE=InnoDB DEFAULT CHARSET=utf8;
 
 CREATE TABLE Produit (
	idProduit INTEGER PRIMARY KEY AUTO_INCREMENT,
	reference VARCHAR(100),
	prix double,
	nom VARCHAR(100),
	description VARCHAR(500),
	stock int(11),
	active TINYINT(1),
	marquerEffacer  TINYINT(1) DEFAULT 0,
	version INTEGER DEFAULT 1
 )ENGINE=InnoDB DEFAULT CHARSET=utf8;
 
 
 
 CREATE TABLE Commande (
	idCommande INTEGER PRIMARY KEY AUTO_INCREMENT,
	totalCommande double,
	idUtilisateur INTEGER NOT NULL,
	idAdresse INTEGER NOT NULL,
	statut VARCHAR(5),
	dateCommande TIMESTAMP DEFAULT CURRENT_TIMESTAMP,
	dateModification TIMESTAMP DEFAULT CURRENT_TIMESTAMP,
	version INTEGER DEFAULT 1,
	CONSTRAINT `FK_Commande_Utilisateur` FOREIGN KEY (idUtilisateur) referenceS Utilisateur (idUtilisateur) ON DELETE CASCADE,
	CONSTRAINT `FK_Commande_Adresse` FOREIGN KEY (idAdresse) referenceS Adresse (idAdresse) 
 )ENGINE=InnoDB DEFAULT CHARSET=utf8;
 
 CREATE TABLE ArticleCommande (
	idArticleCommande INTEGER PRIMARY KEY AUTO_INCREMENT,
	idCommande INTEGER NOT NULL,
	idUtilisateur INTEGER NOT NULL,
	idAdresse INTEGER NOT NULL,
	idProduit INTEGER NOT NULL,
	totalArticleCommande double,
	reference VARCHAR(100),
	quantite int(11),
	statut VARCHAR(5),
	dateModification TIMESTAMP DEFAULT CURRENT_TIMESTAMP,
	version INTEGER DEFAULT 1,
	CONSTRAINT `FK_ArticleCommande_Commande` FOREIGN KEY (idCommande) referenceS Commande (idCommande) ON DELETE CASCADE,
	CONSTRAINT `FK_ArticleCommande_Utilisateur` FOREIGN KEY (idUtilisateur) referenceS Utilisateur (idUtilisateur) ON DELETE CASCADE,
	CONSTRAINT `FK_ArticleCommande_Adresse` FOREIGN KEY (idAdresse) referenceS Adresse (idAdresse),
	CONSTRAINT `FK_ArticleCommande_Produit` FOREIGN KEY (idProduit) referenceS Produit (idProduit)
 )ENGINE=InnoDB DEFAULT CHARSET=utf8;




/* Insertion des Roles */ 
 
INSERT INTO Role(identifiant,description) VALUES ('Administrateur','Le rôle administrateur');
INSERT INTO Role(identifiant,description) VALUES ('Directeur','Le rôle de directeur de magasin');
INSERT INTO Role(identifiant,description) VALUES ('Standard','Le rôle standard');
INSERT INTO Role(identifiant,description) VALUES ('Vendeur','Le rôle vendeur');
INSERT INTO Role(identifiant,description) VALUES ('Acheteur','Le rôle Acheteur');
INSERT INTO Role(identifiant,description) VALUES ('RolePoubelle','Ceci est le rôle poubelle pour des eventuelles suppressions de rôles de maniere définitive');


/* Utilisateurs avec le role Administrateur  */ 

INSERT INTO Utilisateur(civilite,prenom,nom, idRole,identifiant,motPasse) VALUES ('Mr','Jerome','Cantin',(SELECT idRole FROM Role WHERE identifiant LIKE  'Administrateur'),'admin@gmail.com','passw0rd');
INSERT INTO Adresse(idUtilisateur,rue,codePostal,ville,pays,typeAdresse) VALUES ((SELECT MAX(idUtilisateur) FROM Utilisateur),'5 rue du Paradis', '75000','Paris','France','F');
INSERT INTO Adresse(idUtilisateur,rue,codePostal,ville,pays,principale) VALUES ((SELECT MAX(idUtilisateur) FROM Utilisateur),'60 rue des faveurs', '44000','Nantes','France',1);
INSERT INTO Adresse(idUtilisateur,rue,codePostal,ville,pays) VALUES ((SELECT MAX(idUtilisateur) FROM Utilisateur),'66 rue des deportés', '35000','Rennes','France');
INSERT INTO Adresse(idUtilisateur,rue,codePostal,ville,pays) VALUES ((SELECT MAX(idUtilisateur) FROM Utilisateur),'6 rue de la pudeur', '75000','Paris','France');
INSERT INTO Adresse(idUtilisateur,rue,codePostal,ville,pays) VALUES ((SELECT MAX(idUtilisateur) FROM Utilisateur),'7 rue des peurs', '75000','Paris','France');
 
/*  Utilisateurs avec le role Directeur  */  

INSERT INTO Utilisateur(civilite,prenom,nom,idRole,identifiant,motPasse) VALUES ('Mr','Eric','Lalitte',(SELECT idRole FROM Role WHERE identifiant LIKE  'Directeur'),'directecteur@gmail.com','passw0rd');
INSERT INTO Adresse(idUtilisateur,rue,codePostal,ville,pays,typeAdresse) VALUES ((SELECT MAX(idUtilisateur) FROM Utilisateur),'5 rue du Moulin', '75000','Paris','France','F');

INSERT INTO Utilisateur(civilite,prenom,nom,idRole,identifiant,motPasse) VALUES ('Mr','Laurent','Bordet',(SELECT idRole FROM Role WHERE identifiant LIKE  'Directeur'),'laurent.bordet@gmail.com','passw0rd');
INSERT INTO Adresse(idUtilisateur,rue,codePostal,ville,pays,typeAdresse) VALUES ((SELECT MAX(idUtilisateur) FROM Utilisateur),'4 rue des joyeux', '75000','Paris','France','F'); 
INSERT INTO Adresse(idUtilisateur,rue,codePostal,ville,pays,principale) VALUES ((SELECT MAX(idUtilisateur) FROM Utilisateur),'5 rue des perces', '53000','Laval','France',1); 



INSERT INTO Utilisateur(civilite,prenom,nom,idRole,identifiant,motPasse) VALUES ('Mr','Nicolas','Petit',(SELECT idRole FROM Role WHERE identifiant LIKE  'Standard'),'nicolas.petit@gmail.com','passw0rd');
INSERT INTO Adresse(idUtilisateur,rue,codePostal,ville,pays,typeAdresse) VALUES ((SELECT MAX(idUtilisateur) FROM Utilisateur),'6 rue de la liberté', '75000','Paris','France','F');
INSERT INTO Adresse(idUtilisateur,rue,codePostal,ville,pays,principale) VALUES ((SELECT MAX(idUtilisateur) FROM Utilisateur),'69 rue de la mer', '87000','Limoges','France',1);
INSERT INTO Adresse(idUtilisateur,rue,codePostal,ville,pays) VALUES ((SELECT MAX(idUtilisateur) FROM Utilisateur),'55 rue de la maison', '76000','Rouen','France');
 
INSERT INTO Utilisateur(civilite,prenom,nom,idRole,identifiant,motPasse) VALUES ('Mr','Paul','Gilbert',(SELECT idRole FROM Role WHERE identifiant LIKE  'Standard'),'paul.gilbert@gmail.com','passw0rd');
INSERT INTO Adresse(idUtilisateur,rue,codePostal,ville,pays,typeAdresse) VALUES ((SELECT MAX(idUtilisateur) FROM Utilisateur),'6 rue des Heureux', '53000','Laval','France','F');
INSERT INTO Adresse(idUtilisateur,rue,codePostal,ville,pays,principale) VALUES ((SELECT MAX(idUtilisateur) FROM Utilisateur),'77 rue du bonhneur', '35000','Rennes','France',1);

INSERT INTO Utilisateur(civilite,prenom,nom,idRole,identifiant,motPasse) VALUES ('Mr','Xavier','Dupont',(SELECT idRole FROM Role WHERE identifiant LIKE  'Standard'),'xavier.dupont@gmail.com','passw0rd');
INSERT INTO Adresse(idUtilisateur,rue,codePostal,ville,pays,typeAdresse) VALUES ((SELECT MAX(idUtilisateur) FROM Utilisateur),'10 rue du bonhneur', '35000','Rennes','France','F');


INSERT INTO Utilisateur(civilite,prenom,nom,idRole,identifiant,motPasse) VALUES ('Mr','Thierry','Marec',(SELECT idRole FROM Role WHERE identifiant LIKE  'Standard'),'thierry.marec@gmail.com','passw0rd');
INSERT INTO Adresse(idUtilisateur,rue,codePostal,ville,pays,typeAdresse) VALUES ((SELECT MAX(idUtilisateur) FROM Utilisateur),'5 rue François Mitterrand', '87000','Limoges','France','F');
INSERT INTO Adresse(idUtilisateur,rue,codePostal,ville,pays,principale) VALUES ((SELECT MAX(idUtilisateur) FROM Utilisateur),'9 rue de la Paix', '76000','Rouen','France',1);


INSERT INTO Utilisateur(civilite,prenom,nom,idRole,identifiant,motPasse) VALUES ('Mme','Aurelie','Cassas',(SELECT idRole FROM Role WHERE identifiant LIKE  'Standard'),'aurelie.cassas@gmail.com','passw0rd');
INSERT INTO Adresse(idUtilisateur,rue,codePostal,ville,pays,typeAdresse) VALUES ((SELECT MAX(idUtilisateur) FROM Utilisateur),'11 rue de la Paix', '76000','Rouen','France','F');

INSERT INTO Utilisateur(civilite,prenom,nom,idRole,identifiant,motPasse) VALUES ('Mr','Alain','Cassas',(SELECT idRole FROM Role WHERE identifiant LIKE  'Standard'),'alain.cassas@gmail.com','passw0rd');
INSERT INTO Adresse(idUtilisateur,rue,codePostal,ville,pays,typeAdresse) VALUES ((SELECT MAX(idUtilisateur) FROM Utilisateur),'55 rue de Perin', '76000','Rouen','France','F');
INSERT INTO Adresse(idUtilisateur,rue,codePostal,ville,pays,principale) VALUES ((SELECT MAX(idUtilisateur) FROM Utilisateur),'1 rue de Gaston', '75000','Paris','France',1);
 

INSERT INTO Utilisateur(civilite,prenom,nom,idRole,identifiant,motPasse) VALUES ('Mr','Julien','Bille',(SELECT idRole FROM Role WHERE identifiant LIKE  'Standard'),'julien.bille@gmail.com','passw0rd');
INSERT INTO Adresse(idUtilisateur,rue,codePostal,ville,pays,typeAdresse) VALUES ((SELECT MAX(idUtilisateur) FROM Utilisateur),'33 rue des Perdus', '35000','Rennes','France','F');
INSERT INTO Adresse(idUtilisateur,rue,codePostal,ville,pays,principale) VALUES ((SELECT MAX(idUtilisateur) FROM Utilisateur),'22 rue des Gaffeur', '53000','Laval','France',1);


  
/*  Utilisateurs avec le role Acheteur  */  

INSERT INTO Utilisateur(civilite,prenom,nom,idRole,identifiant,motPasse) VALUES ('Mr','Thomas','corgnet',(SELECT idRole FROM Role WHERE identifiant LIKE  'Acheteur'),'thomas.corgnet@gmail.com','passw0rd');
INSERT INTO Adresse(idUtilisateur,rue,codePostal,ville,pays,typeAdresse) VALUES ((SELECT MAX(idUtilisateur) FROM Utilisateur),'1 rue des Sorciers', '76800','Havre','France','F');
INSERT INTO Adresse(idUtilisateur,rue,codePostal,ville,pays,principale) VALUES ((SELECT MAX(idUtilisateur) FROM Utilisateur),'33 rue de la liberté', '75000','Paris','France',1);
INSERT INTO Adresse(idUtilisateur,rue,codePostal,ville,pays) VALUES ((SELECT MAX(idUtilisateur) FROM Utilisateur),'45 rue de la brebis', '87000','Limoges','France');

INSERT INTO Utilisateur(civilite,prenom,nom,idRole,identifiant,motPasse) VALUES ('Mr','Aurelien','Big',(SELECT idRole FROM Role WHERE identifiant LIKE  'Acheteur'),'aurelien.big@gmail.com','passw0rd');
INSERT INTO Adresse(idUtilisateur,rue,codePostal,ville,pays,typeAdresse) VALUES ((SELECT MAX(idUtilisateur) FROM Utilisateur),'1 rue des Sorciers', '76800','Havre','France','F');
INSERT INTO Adresse(idUtilisateur,rue,codePostal,ville,pays,principale) VALUES ((SELECT MAX(idUtilisateur) FROM Utilisateur),'33 rue de la liberté', '75000','Paris','France',1);
INSERT INTO Adresse(idUtilisateur,rue,codePostal,ville,pays) VALUES ((SELECT MAX(idUtilisateur) FROM Utilisateur),'45 rue de la brebis', '87000','Limoges','France');


INSERT INTO Utilisateur(civilite,prenom,nom,idRole,identifiant,motPasse) VALUES ('Mr','Mathieu','Dupond',(SELECT idRole FROM Role WHERE identifiant LIKE  'Acheteur'),'mathieu.dupond@gmail.com','passw0rd');
INSERT INTO Adresse(idUtilisateur,rue,codePostal,ville,pays,typeAdresse) VALUES ((SELECT MAX(idUtilisateur) FROM Utilisateur),'1 rue des Sage', '75000','Paris','France','F');
INSERT INTO Adresse(idUtilisateur,rue,codePostal,ville,pays,principale) VALUES ((SELECT MAX(idUtilisateur) FROM Utilisateur),'33 rue de la conscience', '75000','Paris','France',1);
INSERT INTO Adresse(idUtilisateur,rue,codePostal,ville,pays) VALUES ((SELECT MAX(idUtilisateur) FROM Utilisateur),'45 rue de la brebis', '87000','Limoges','France');


INSERT INTO Utilisateur(civilite,prenom,nom,idRole,identifiant,motPasse) VALUES ('Mr','Harry','Cover',(SELECT idRole FROM Role WHERE identifiant LIKE  'Acheteur'),'harry.cover@gmail.com','passw0rd');
INSERT INTO Adresse(idUtilisateur,rue,codePostal,ville,pays,typeAdresse) VALUES ((SELECT MAX(idUtilisateur) FROM Utilisateur),'69 rue des Bois', '87000','Limoges','France','F');
INSERT INTO Adresse(idUtilisateur,rue,codePostal,ville,pays,principale) VALUES ((SELECT MAX(idUtilisateur) FROM Utilisateur),'33 rue de la conscience', '75000','Paris','France',1);

 
INSERT INTO Utilisateur(civilite,prenom,nom,idRole,identifiant,motPasse) VALUES ('Mr','Mathieu','Ducamp',(SELECT idRole FROM Role WHERE identifiant LIKE  'Acheteur'),'mathieu.ducamp@gmail.com','passw0rd');
INSERT INTO Adresse(idUtilisateur,rue,codePostal,ville,pays,typeAdresse) VALUES ((SELECT MAX(idUtilisateur) FROM Utilisateur),'6 rue Appert', '75000','Paris','France','F');
INSERT INTO Adresse(idUtilisateur,rue,codePostal,ville,pays,principale) VALUES ((SELECT MAX(idUtilisateur) FROM Utilisateur),'33 rue de la conscience', '75000','Paris','France',1);

INSERT INTO Utilisateur(civilite,prenom,nom,idRole,identifiant,motPasse) VALUES ('Mr','Serge','Lama',(SELECT idRole FROM Role WHERE identifiant LIKE  'Acheteur'),'serge.lama@gmail.com','passw0rd');
INSERT INTO Adresse(idUtilisateur,rue,codePostal,ville,pays,typeAdresse) VALUES ((SELECT MAX(idUtilisateur) FROM Utilisateur),'4 rue Appert', '75000','Paris','France','F');
INSERT INTO Adresse(idUtilisateur,rue,codePostal,ville,pays,principale) VALUES ((SELECT MAX(idUtilisateur) FROM Utilisateur),'4 rue Appert', '75000','Paris','France',1);

 
INSERT INTO Utilisateur(civilite,prenom,nom,idRole,identifiant,motPasse) VALUES ('Mme','Mathilde','Leduc',(SELECT idRole FROM Role WHERE identifiant LIKE  'Acheteur'),'doudou.leduc@gmail.com','passw0rd');
INSERT INTO Adresse(idUtilisateur,rue,codePostal,ville,pays,typeAdresse) VALUES ((SELECT MAX(idUtilisateur) FROM Utilisateur),'6 rue de la liberté', '75000','Paris','France','F');
INSERT INTO Adresse(idUtilisateur,rue,codePostal,ville,pays,principale) VALUES ((SELECT MAX(idUtilisateur) FROM Utilisateur),'6 rue de la liberté', '75000','Paris','France',1);

INSERT INTO Utilisateur(civilite,prenom,nom,idRole,identifiant,motPasse) VALUES ('Mr','André','Naline',(SELECT idRole FROM Role WHERE identifiant LIKE  'Acheteur'),'andré.aline@gmail.com','passw0rd');
INSERT INTO Adresse(idUtilisateur,rue,codePostal,ville,pays,typeAdresse) VALUES ((SELECT MAX(idUtilisateur) FROM Utilisateur),'14 rue de haras', '49000','Angers','France','F');
INSERT INTO Adresse(idUtilisateur,rue,codePostal,ville,pays,principale) VALUES ((SELECT MAX(idUtilisateur) FROM Utilisateur),'14 rue de haras', '49000','Angers','France',1);


/*  Les produits  */  

INSERT INTO Produit(reference,prix,nom,description,stock,active) VALUES ('REF-IPHONE-3GS',200,'Iphone 3GS','un Iphone 3GS très pratique',20,1);
INSERT INTO Produit(reference,prix,nom,description,stock,active) VALUES ('REF-IPHONE-4',300,'Iphone 4','un Iphone 4 très pratique',20,1);
INSERT INTO Produit(reference,prix,nom,description,stock,active) VALUES ('REF-IPHONE-5',600,'Iphone 5','un Iphone 5 très tendance',20,1);
INSERT INTO Produit(reference,prix,nom,description,stock,active) VALUES ('REF-CHARGEUR-IPHONE-4',300,'Chargeur Iphone 4','un chargeur Iphone 4',20,1);
INSERT INTO Produit(reference,prix,nom,description,stock,active) VALUES ('REF-CHARGEUR-IPHONE-5',300,'Chargeur Iphone 5','un chargeur Iphone 5',20,1);
INSERT INTO Produit(reference,prix,nom,description,stock,active) VALUES ('REF-SAMSUNG-GALAXY-2',250,'Samsung Galaxy 2','un Samsung Galaxy 2 très pratique',20,1);
INSERT INTO Produit(reference,prix,nom,description,stock,active) VALUES ('REF-SAMSUNG-GALAXY-4',500,'Samsung Galaxy 4','un Samsung Galaxy 4 très pratique',20,1);
INSERT INTO Produit(reference,prix,nom,description,stock,active) VALUES ('REF-NOKIA-LUMIA',280,'Nokia Lumia','un Nokia Lumia très design',20,1);
INSERT INTO Produit(reference,prix,nom,description,stock,active) VALUES ('REF-TELE-SAMSUNG-3D',700,'Télé 3D','une television 3D',20,1);
INSERT INTO Produit(reference,prix,nom,description,stock,active) VALUES ('REF-CANAPE-ANGLE-CUIR',400,'Canape en cuir','votre canape en cuir venant d''italie',20,1);
INSERT INTO Produit(reference,prix,nom,description,stock,active) VALUES ('REF-FOUR-MICRO-ONDE',150,'Four micro onde','votre four micro onde de marque Sony',20,1);
INSERT INTO Produit(reference,prix,nom,description,stock,active) VALUES ('REF-ORDINATEUR-PORTABLE-MSI-GS73',1299,'Smartphone Apple iPhone 7 (or) - 32 Go','un ordinateur très puissant avec les caractéristiques : <br/>  Écran : 17,3", Modèle : Processeur Intel® Core™ i7-7700HQ (2,80 GHz), Capacité mémoire : 8 Go,Modèle de carte graphique gamer : NVIDIA GeForce GTX 1050 Ti,Espace disque total : 1128 Go, Version système d''exploitation : Windows 10 Famille',20,1);
INSERT INTO Produit(reference,prix,nom,description,stock,active) VALUES ('REF-IPHONE-7',700,'Smartphone Apple iPhone 7 (or) - 32 Go','un Iphone 7 très tendance: Couleur avec les caractéristiques : <br/> Or,OS (type) : iOS,Robuste : Certifié IP67,Batterie : 1960 mAh,Taille écran : 4,7",Processeur : Apple A10 64 bits',20,1);
INSERT INTO Produit(reference,prix,nom,description,stock,active) VALUES ('REF-IPHONE-6S',600,'Smartphone Apple iPhone 6S (or) - 32 Go','un Iphone 6S très tendance avec les caractéristiques : <br/>  Couleur : Or,OS (type) : iOS,Robuste : Certifié IP67,Batterie : 1960 mAh,Taille écran : 4,7",Processeur : Apple A10 64 bits',20,1);
INSERT INTO Produit(reference,prix,nom,description,stock,active) VALUES ('REF-ORDINATEUR-PORTABLE-ASUS-ZENBOOK',909,'Ordinateur portable Asus Zenbook','Ordinateur portable Asus Zenbook Flip 58256-B - i5 - 8 Go - 256 Go SSD avec les caractéristiques : <br/> Écran : 13,3,Modèle : Processeur Intel® Core™ i5-7200U (2,50 GHz),Capacité mémoire : 8 Go,Espace disque total : 256 Go,Version système d''exploitation : Windows 10,Poids en Kg : 1,10 Kg',20,1);
INSERT INTO Produit(reference,prix,nom,description,stock,active) VALUES ('REF-ORDINATEUR-PORTABLE-ACER-ASPIRE-E5-774-36WT',424,'Ordinateur portable Acer Aspire','Ordinateur portable Acer Aspire E5-774-36WT avec les caractéristiques : <br/> Écran : 17,3, Modèle : Processeur Intel® Core™ i3-6006U (2 GHz), Capacité mémoire : 4 Go, Espace disque total : 1000 Go, Version système d''exploitation : Windows 10',20,1);
INSERT INTO Produit(reference,prix,nom,description,stock,active) VALUES ('REF-ORDINATEUR-PORTABLE-GAMER-MSI-GT75VR',2599,'PC Portable gamer MSI','PC Portable gamer MSI GT75VR 7RE-064FR - i7 - 16 Go - SSD - GTX 1070 avec les caractéristiques : <br/> Écran : 17,3,Modèle : Processeur Intel® Core™ i7-7820HK (2,90 GHz),Capacité mémoire : 16 Go,Modèle de carte graphique gamer : NVIDIA GeForce GTX 1070,Espace disque total : 1256 Go,Version système d''exploitation : Windows 10 Home',20,1);
INSERT INTO Produit(reference,prix,nom,description,stock,active) VALUES ('REF-APPAREIL-PHOTO-COMPACT-CANON-IXUS-100',99,'Appareil photo Compact Canon','Appareil photo Compact Canon Ixus 185 Noir avec les caractéristiques : <br/> Zoom optique : 8x,Type : Appareil photo compact,Type : CCD,Résolution : 20 Mpixels,Taille d''écran : Ecran 2,7 (6,8 cm)',20,1);
INSERT INTO Produit(reference,prix,nom,description,stock,active) VALUES ('REF-APPAREIL-PHOTO-COMPACT-CANON-IXUS-200',99,'Appareil photo Compact Canon','Appareil photo Compact Canon Ixus 185 Rouge avec les caractéristiques : <br/> Zoom optique : 8x, Type : Appareil photo compact, Type : CCD, Résolution : 20 Mpixels,Taille d''écran : Ecran 2,7 (6,8 cm)',20,1);
INSERT INTO Produit(reference,prix,nom,description,stock,active) VALUES ('REF-APPAREIL-PHOTO-INSTANTANÉ-FUJIFILM-INSTAX',119,'Appareil photo instantané Fujifilm','Appareil photo instantané Fujifilm Instax WIDE 300 avec : Type : Appareil photo instantané',20,1);
INSERT INTO Produit(reference,prix,nom,description,stock,active) VALUES ('REF-ORDINATEUR-GAMER-MSI-VORTEX-G25-8RD-028FR',1349,'PC Gamer MSI Vortex','PC Gamer MSI Vortex G25 8RD-028FR - i5 - 8 Go - GTX 1060 - SSD avec les caractéristiques : <br/> Utilisation : PC de jeu,Modèle du processeur : Processeur Intel Core i5 8400,Puce graphique : NVIDIA GeForce GTX 1060,Taille SSD : SSD 128 Go,Mémoire intégrée : 8 Go DDR4,Système d''exploitation : Microsoft Windows 10',20,1);
INSERT INTO Produit(reference,prix,nom,description,stock,active) VALUES ('REF-ORDINATEUR-GAMER-MATERIEL-NET-LEVEL-ONE-XI',689,'PC Gamer Materiel.net','PC Gamer Materiel.net Level One XI par Canard PC [ Win10 - PC Gamer ] avec les caractéristiques : <br/> Utilisation : PC de jeu,Score global : 108 pts Matbench,Modèle du processeur : Processeur AMD Ryzen 3 1200,Puce graphique : AMD Radeon RX 560,Taille SSD : SSD 120 Go,Mémoire intégrée : 8 Go DDR4',20,1);
INSERT INTO Produit(reference,prix,nom,description,stock,active) VALUES ('REF-SOURIS-GAMER-THE-G-LAB-KULT',19,'Souris gamer','Souris gamer The G-Lab KULT#100 avec les caractéristiques : <br/> Utilisation recommandée : Jeu, Type de capteur : Capteur optique, Type de connexion : Filaire, Forme : Pour droitier, Résolution maximale : 3200 dpi, Boutons : 7 boutons',20,1);
INSERT INTO Produit(reference,prix,nom,description,stock,active) VALUES ('REF-ECOUTEUR-THE-G-LAB-KORP',30,'Ecouteurs The G-Lab KORP','The G-Lab KORP#100 avec les caractéristiques : <br/> Utilisation recommandée : Jeux, Type : Stéréo, Type d''écouteurs : Circum-aural (englobe les oreilles), Transducteur : Néodyme de 40 mm, Connexion : 1x 3,5 mm ou 2x 3,5 mm, Liste de compatibilité : Compatible PC, PS4, Xbox One (adaptateur nécessaire)',20,1);
INSERT INTO Produit(reference,prix,nom,description,stock,active) VALUES ('REF-SOURIS-GAMER-ASUS',29,'Souris gamer Asus','Souris gamer Asus Cerberus Mouse - Noir avec les caractéristiques : <br/> Utilisation recommandée : Jeu, Type de capteur : Capteur optique, Type de connexion : Filaire, Forme : Ambidextre, Résolution maximale : 2500 dpi, Boutons : 6 boutons',20,1);
INSERT INTO Produit(reference,prix,nom,description,stock,active) VALUES ('REF-SOURIS-3DCONNEXION-SPACENAVIGATOR',909,'Souris PC 3DConnexion','Souris PC 3DConnexion SpaceNavigator avec les caractéristiques : <br/> Utilisation recommandée : Graphisme, Type de capteur : Capteur optique, Type de connexion : Filaire, Forme : Pour graphiste, Boutons : 2 boutons',20,1);
INSERT INTO Produit(reference,prix,nom,description,stock,active) VALUES ('REF-SAMSUNG-GALAXY-A5-01',349,'Smartphone Samsung Galaxy','Smartphone Samsung Galaxy A5 2017 (noir) avec les caractéristiques : <br/> Couleur : Noir, OS (type) : Android, Batterie : 3000 mAh, Taille écran : 5,2, Processeur : Samsung Exynos 7880 Octo-Core 1,9 GHz',20,1);
INSERT INTO Produit(reference,prix,nom,description,stock,active) VALUES ('REF-SAMSUNG-GALAXY-A5-02',349,'Smartphone Samsung Galaxy','Smartphone Samsung Galaxy A5 2017 (rose) avec les caractéristiques : <br/> Couleur : Rose, OS (type) : Android, Robuste : Certifié IP68, Batterie : 3000 mAh, Taille écran : 5,2, Processeur : Samsung Exynos 7880 Octo-Core 1,9 GHz',20,1);
INSERT INTO Produit(reference,prix,nom,description,stock,active) VALUES ('REF-SAMSUNG-GALAXY-J3',199,'Smartphone Samsung Galaxy','Smartphone Samsung Galaxy J3 2017 (noir) avec les caractéristiques : <br/> Couleur : Noir, OS (type) : Android, Batterie : 2400 mAh, Taille écran : 5, Processeur : Samsung Exynos 7550 Quad-core 1,4 GHz, Mémoire stockage : 16 Go',20,1);
INSERT INTO Produit(reference,prix,nom,description,stock,active) VALUES ('REF-MINI-CHAINE-HI-FI-BLUETOOTH-DENON-01',349,'Mini-chaine Hi-Fi','Mini-chaine Hi-Fi Bluetooth Denon CEOL Piccolo N4 Blanc avec les caractéristiques : <br/> Puissance : Puissance 2 x 40 W, Couleur enceintes : Blanc',20,1);
INSERT INTO Produit(reference,prix,nom,description,stock,active) VALUES ('REF-MINI-CHAINE-HI-FI-BLUETOOTH-DENON-02',349,'Mini-chaine Hi-Fi','Mini-chaine Hi-Fi Bluetooth Denon CEOL Piccolo N4 Noir avec les caractéristiques : <br/> Puissance : Puissance 2 x 40 W, Couleur enceintes : Noir',20,1);
INSERT INTO Produit(reference,prix,nom,description,stock,active) VALUES ('REF-MINI-CHAINE-HI-FI-USB-PHILIPS',159,'Mini-chaine Hi-Fi','Mini-chaine Hi-Fi USB Philips BTB2370 Bluetooth Tuner FM Numérique et DAB avec les caractéristiques : <br/> Puissance : 70 W, Couleur enceintes : Noir',20,1);
INSERT INTO Produit(reference,prix,nom,description,stock,active) VALUES ('REF-REFRIGÉRATEUR-SELECLINE',428,'un Réfrigérateur SELECLINE','Réfrigérateur SELECLINE 2 portes 180647, 216 L, Froid statique avec les caractéristiques : <br/> Type de froid du congélateur : Ventilé sans givre, Capacité du congélateur nette : 192 L, Capacité du réfrigérateur nette : 370 L, Capacité totale du réfrigérateur : 338 L',20,1);
INSERT INTO Produit(reference,prix,nom,description,stock,active) VALUES ('REF-TELE-HD-2M4005',428,'Un télévision HD','TV HD 32M4005, 100 PQI avec les caractéristiques : <br/> HD (1,366 x 768), Technologie LED, Wide Color Enhancer, Mega Contrast',20,1);

INSERT INTO Produit(reference,nom,description) VALUES ('REF-PRODUIT-POUBELLE','ProduitPoubelle','Ceci est le produit poubelle pour des eventuelles suppressions de produits de maniere définitive');





INSERT INTO Commande(idUtilisateur,idAdresse,totalCommande,statut) VALUES ((select idUtilisateur from Utilisateur where identifiant like 'thomas.corgnet@gmail.com'),(select idAdresse FROM Adresse WHERE idUtilisateur IN (select idUtilisateur from Utilisateur where identifiant like 'thomas.corgnet@gmail.com') AND typeAdresse like 'F'  LIMIT 1),(select prix from Produit where reference like 'REF-TELE-SAMSUNG-3D'),'V');
INSERT INTO ArticleCommande(idUtilisateur,idAdresse,idCommande,totalArticleCommande,idProduit,reference,quantite,statut) VALUES ((select idUtilisateur from Utilisateur where identifiant like 'thomas.corgnet@gmail.com'),(select idAdresse FROM Adresse WHERE idUtilisateur IN (select idUtilisateur from Utilisateur where identifiant like 'thomas.corgnet@gmail.com') AND typeAdresse like 'L'  LIMIT 1),(SELECT MAX(idCommande) FROM Commande),(select prix from Produit where reference like 'REF-TELE-SAMSUNG-3D'),(select idProduit from Produit where reference like 'REF-TELE-SAMSUNG-3D'),'REF-TELE-SAMSUNG-3D',1,'V');

INSERT INTO Commande(idUtilisateur,idAdresse,totalCommande,statut) VALUES ((select idUtilisateur from Utilisateur where identifiant like 'thomas.corgnet@gmail.com'),(select idAdresse FROM Adresse WHERE idUtilisateur IN (select idUtilisateur from Utilisateur where identifiant like 'thomas.corgnet@gmail.com') AND typeAdresse like 'F'  LIMIT 1),(select prix from Produit where reference like 'REF-TELE-SAMSUNG-3D'),'V');
INSERT INTO ArticleCommande(idUtilisateur,idAdresse,idCommande,totalArticleCommande,idProduit,reference,quantite,statut) VALUES ((select idUtilisateur from Utilisateur where identifiant like 'thomas.corgnet@gmail.com'),(select idAdresse FROM Adresse WHERE idUtilisateur IN (select idUtilisateur from Utilisateur where identifiant like 'thomas.corgnet@gmail.com') AND typeAdresse like 'L'  LIMIT 1),(SELECT MAX(idCommande) FROM Commande),(select prix from Produit where reference like 'REF-TELE-SAMSUNG-3D'),(select idProduit from Produit where reference like 'REF-TELE-SAMSUNG-3D'),'REF-TELE-SAMSUNG-3D',1,'V');


INSERT INTO Commande(idUtilisateur,idAdresse,totalCommande,statut) VALUES ((select idUtilisateur from Utilisateur where identifiant like 'thomas.corgnet@gmail.com'),(select idAdresse FROM Adresse WHERE idUtilisateur IN (select idUtilisateur from Utilisateur where identifiant like 'thomas.corgnet@gmail.com') AND typeAdresse like 'F'  LIMIT 1),(select prix from Produit where reference like 'REF-TELE-SAMSUNG-3D'),'V');
INSERT INTO ArticleCommande(idUtilisateur,idAdresse,idCommande,totalArticleCommande,idProduit,reference,quantite,statut) VALUES ((select idUtilisateur from Utilisateur where identifiant like 'thomas.corgnet@gmail.com'),(select idAdresse FROM Adresse WHERE idUtilisateur IN (select idUtilisateur from Utilisateur where identifiant like 'thomas.corgnet@gmail.com') AND typeAdresse like 'L'  LIMIT 1),(SELECT MAX(idCommande) FROM Commande),(select prix from Produit where reference like 'REF-TELE-SAMSUNG-3D'),(select idProduit from Produit where reference like 'REF-TELE-SAMSUNG-3D'),'REF-TELE-SAMSUNG-3D',1,'V');

INSERT INTO Commande(idUtilisateur,idAdresse,totalCommande,statut) VALUES ((select idUtilisateur from Utilisateur where identifiant like 'thomas.corgnet@gmail.com'),(select idAdresse FROM Adresse WHERE idUtilisateur IN (select idUtilisateur from Utilisateur where identifiant like 'thomas.corgnet@gmail.com') AND typeAdresse like 'F'  LIMIT 1),(select prix from Produit where reference like 'REF-TELE-SAMSUNG-3D'),'V');
INSERT INTO ArticleCommande(idUtilisateur,idAdresse,idCommande,totalArticleCommande,idProduit,reference,quantite,statut) VALUES ((select idUtilisateur from Utilisateur where identifiant like 'thomas.corgnet@gmail.com'),(select idAdresse FROM Adresse WHERE idUtilisateur IN (select idUtilisateur from Utilisateur where identifiant like 'thomas.corgnet@gmail.com') AND typeAdresse like 'L'  LIMIT 1),(SELECT MAX(idCommande) FROM Commande),(select prix from Produit where reference like 'REF-TELE-SAMSUNG-3D'),(select idProduit from Produit where reference like 'REF-TELE-SAMSUNG-3D'),'REF-TELE-SAMSUNG-3D',1,'V');


INSERT INTO Commande(idUtilisateur,idAdresse,totalCommande,statut) VALUES ((select idUtilisateur from Utilisateur where identifiant like 'nicolas.petit@gmail.com'),(select idAdresse FROM Adresse WHERE idUtilisateur IN (select idUtilisateur from Utilisateur where identifiant like 'nicolas.petit@gmail.com') AND typeAdresse like 'F'  LIMIT 1),(select prix from Produit where reference like 'REF-ORDINATEUR-PORTABLE-MSI-GS73')+(select prix from Produit where reference like 'REF-IPHONE-7')+(select prix from Produit where reference like 'REF-IPHONE-6S'),'V');
INSERT INTO ArticleCommande(idUtilisateur,idAdresse,idCommande,totalArticleCommande,idProduit,reference,quantite,statut) VALUES ((select idUtilisateur from Utilisateur where identifiant like 'nicolas.petit@gmail.com'),(select idAdresse FROM Adresse WHERE idUtilisateur IN (select idUtilisateur from Utilisateur where identifiant like 'nicolas.petit@gmail.com') AND typeAdresse like 'L'  LIMIT 1),(SELECT MAX(idCommande) FROM Commande),(select prix from Produit where reference like 'REF-ORDINATEUR-PORTABLE-MSI-GS73'),(select idProduit from Produit where reference like 'REF-ORDINATEUR-PORTABLE-MSI-GS73'),'REF-ORDINATEUR-PORTABLE-MSI-GS73',1,'V');
INSERT INTO ArticleCommande(idUtilisateur,idAdresse,idCommande,totalArticleCommande,idProduit,reference,quantite,statut) VALUES ((select idUtilisateur from Utilisateur where identifiant like 'nicolas.petit@gmail.com'),(select idAdresse FROM Adresse WHERE idUtilisateur IN (select idUtilisateur from Utilisateur where identifiant like 'nicolas.petit@gmail.com') AND typeAdresse like 'L'  LIMIT 1),(SELECT MAX(idCommande) FROM Commande),(select prix from Produit where reference like 'REF-IPHONE-7'),(select idProduit from Produit where reference like 'REF-IPHONE-7'),'REF-IPHONE-7',1,'V');
INSERT INTO ArticleCommande(idUtilisateur,idAdresse,idCommande,totalArticleCommande,idProduit,reference,quantite,statut) VALUES ((select idUtilisateur from Utilisateur where identifiant like 'nicolas.petit@gmail.com'),(select idAdresse FROM Adresse WHERE idUtilisateur IN (select idUtilisateur from Utilisateur where identifiant like 'nicolas.petit@gmail.com') AND typeAdresse like 'L'  LIMIT 1),(SELECT MAX(idCommande) FROM Commande),(select prix from Produit where reference like 'REF-IPHONE-6S'),(select idProduit from Produit where reference like 'REF-IPHONE-6S'),'REF-IPHONE-6S',1,'V');

INSERT INTO Commande(idUtilisateur,idAdresse,totalCommande,statut) VALUES ((select idUtilisateur from Utilisateur where identifiant like 'nicolas.petit@gmail.com'),(select idAdresse FROM Adresse WHERE idUtilisateur IN (select idUtilisateur from Utilisateur where identifiant like 'nicolas.petit@gmail.com') AND typeAdresse like 'F'  LIMIT 1),(select prix from Produit where reference like 'REF-ORDINATEUR-PORTABLE-MSI-GS73')+(select prix from Produit where reference like 'REF-IPHONE-7')+(select prix from Produit where reference like 'REF-IPHONE-6S'),'V');
INSERT INTO ArticleCommande(idUtilisateur,idAdresse,idCommande,totalArticleCommande,idProduit,reference,quantite,statut) VALUES ((select idUtilisateur from Utilisateur where identifiant like 'nicolas.petit@gmail.com'),(select idAdresse FROM Adresse WHERE idUtilisateur IN (select idUtilisateur from Utilisateur where identifiant like 'nicolas.petit@gmail.com') AND typeAdresse like 'L'  LIMIT 1),(SELECT MAX(idCommande) FROM Commande),(select prix from Produit where reference like 'REF-ORDINATEUR-PORTABLE-MSI-GS73'),(select idProduit from Produit where reference like 'REF-ORDINATEUR-PORTABLE-MSI-GS73'),'REF-ORDINATEUR-PORTABLE-MSI-GS73',1,'V');
INSERT INTO ArticleCommande(idUtilisateur,idAdresse,idCommande,totalArticleCommande,idProduit,reference,quantite,statut) VALUES ((select idUtilisateur from Utilisateur where identifiant like 'nicolas.petit@gmail.com'),(select idAdresse FROM Adresse WHERE idUtilisateur IN (select idUtilisateur from Utilisateur where identifiant like 'nicolas.petit@gmail.com') AND typeAdresse like 'L'  LIMIT 1),(SELECT MAX(idCommande) FROM Commande),(select prix from Produit where reference like 'REF-IPHONE-7'),(select idProduit from Produit where reference like 'REF-IPHONE-7'),'REF-IPHONE-7',1,'V');
INSERT INTO ArticleCommande(idUtilisateur,idAdresse,idCommande,totalArticleCommande,idProduit,reference,quantite,statut) VALUES ((select idUtilisateur from Utilisateur where identifiant like 'nicolas.petit@gmail.com'),(select idAdresse FROM Adresse WHERE idUtilisateur IN (select idUtilisateur from Utilisateur where identifiant like 'nicolas.petit@gmail.com') AND typeAdresse like 'L'  LIMIT 1),(SELECT MAX(idCommande) FROM Commande),(select prix from Produit where reference like 'REF-IPHONE-6S'),(select idProduit from Produit where reference like 'REF-IPHONE-6S'),'REF-IPHONE-6S',1,'V');


INSERT INTO Commande(idUtilisateur,idAdresse,totalCommande,statut) VALUES ((select idUtilisateur from Utilisateur where identifiant like 'nicolas.petit@gmail.com'),(select idAdresse FROM Adresse WHERE idUtilisateur IN (select idUtilisateur from Utilisateur where identifiant like 'nicolas.petit@gmail.com') AND typeAdresse like 'F'  LIMIT 1),(select prix from Produit where reference like 'REF-ORDINATEUR-PORTABLE-MSI-GS73')+(select prix from Produit where reference like 'REF-IPHONE-7')+(select prix from Produit where reference like 'REF-IPHONE-6S'),'V');
INSERT INTO ArticleCommande(idUtilisateur,idAdresse,idCommande,totalArticleCommande,idProduit,reference,quantite,statut) VALUES ((select idUtilisateur from Utilisateur where identifiant like 'nicolas.petit@gmail.com'),(select idAdresse FROM Adresse WHERE idUtilisateur IN (select idUtilisateur from Utilisateur where identifiant like 'nicolas.petit@gmail.com') AND typeAdresse like 'L'  LIMIT 1),(SELECT MAX(idCommande) FROM Commande),(select prix from Produit where reference like 'REF-ORDINATEUR-PORTABLE-MSI-GS73'),(select idProduit from Produit where reference like 'REF-ORDINATEUR-PORTABLE-MSI-GS73'),'REF-ORDINATEUR-PORTABLE-MSI-GS73',1,'V');
INSERT INTO ArticleCommande(idUtilisateur,idAdresse,idCommande,totalArticleCommande,idProduit,reference,quantite,statut) VALUES ((select idUtilisateur from Utilisateur where identifiant like 'nicolas.petit@gmail.com'),(select idAdresse FROM Adresse WHERE idUtilisateur IN (select idUtilisateur from Utilisateur where identifiant like 'nicolas.petit@gmail.com') AND typeAdresse like 'L'  LIMIT 1),(SELECT MAX(idCommande) FROM Commande),(select prix from Produit where reference like 'REF-IPHONE-7'),(select idProduit from Produit where reference like 'REF-IPHONE-7'),'REF-IPHONE-7',1,'V');
INSERT INTO ArticleCommande(idUtilisateur,idAdresse,idCommande,totalArticleCommande,idProduit,reference,quantite,statut) VALUES ((select idUtilisateur from Utilisateur where identifiant like 'nicolas.petit@gmail.com'),(select idAdresse FROM Adresse WHERE idUtilisateur IN (select idUtilisateur from Utilisateur where identifiant like 'nicolas.petit@gmail.com') AND typeAdresse like 'L'  LIMIT 1),(SELECT MAX(idCommande) FROM Commande),(select prix from Produit where reference like 'REF-IPHONE-6S'),(select idProduit from Produit where reference like 'REF-IPHONE-6S'),'REF-IPHONE-6S',1,'V');


INSERT INTO Commande(idUtilisateur,idAdresse,totalCommande,statut) VALUES ((select idUtilisateur from Utilisateur where identifiant like 'nicolas.petit@gmail.com'),(select idAdresse FROM Adresse WHERE idUtilisateur IN (select idUtilisateur from Utilisateur where identifiant like 'nicolas.petit@gmail.com') AND typeAdresse like 'F'  LIMIT 1),(select prix from Produit where reference like 'REF-ORDINATEUR-PORTABLE-MSI-GS73')+(select prix from Produit where reference like 'REF-IPHONE-7')+(select prix from Produit where reference like 'REF-IPHONE-6S'),'V');
INSERT INTO ArticleCommande(idUtilisateur,idAdresse,idCommande,totalArticleCommande,idProduit,reference,quantite,statut) VALUES ((select idUtilisateur from Utilisateur where identifiant like 'nicolas.petit@gmail.com'),(select idAdresse FROM Adresse WHERE idUtilisateur IN (select idUtilisateur from Utilisateur where identifiant like 'nicolas.petit@gmail.com') AND typeAdresse like 'L'  LIMIT 1),(SELECT MAX(idCommande) FROM Commande),(select prix from Produit where reference like 'REF-ORDINATEUR-PORTABLE-MSI-GS73'),(select idProduit from Produit where reference like 'REF-ORDINATEUR-PORTABLE-MSI-GS73'),'REF-ORDINATEUR-PORTABLE-MSI-GS73',1,'V');
INSERT INTO ArticleCommande(idUtilisateur,idAdresse,idCommande,totalArticleCommande,idProduit,reference,quantite,statut) VALUES ((select idUtilisateur from Utilisateur where identifiant like 'nicolas.petit@gmail.com'),(select idAdresse FROM Adresse WHERE idUtilisateur IN (select idUtilisateur from Utilisateur where identifiant like 'nicolas.petit@gmail.com') AND typeAdresse like 'L'  LIMIT 1),(SELECT MAX(idCommande) FROM Commande),(select prix from Produit where reference like 'REF-IPHONE-7'),(select idProduit from Produit where reference like 'REF-IPHONE-7'),'REF-IPHONE-7',1,'V');
INSERT INTO ArticleCommande(idUtilisateur,idAdresse,idCommande,totalArticleCommande,idProduit,reference,quantite,statut) VALUES ((select idUtilisateur from Utilisateur where identifiant like 'nicolas.petit@gmail.com'),(select idAdresse FROM Adresse WHERE idUtilisateur IN (select idUtilisateur from Utilisateur where identifiant like 'nicolas.petit@gmail.com') AND typeAdresse like 'L'  LIMIT 1),(SELECT MAX(idCommande) FROM Commande),(select prix from Produit where reference like 'REF-IPHONE-6S'),(select idProduit from Produit where reference like 'REF-IPHONE-6S'),'REF-IPHONE-6S',1,'V');


INSERT INTO Commande(idUtilisateur,idAdresse,totalCommande,statut) VALUES ((select idUtilisateur from Utilisateur where identifiant like 'paul.gilbert@gmail.com'),(select idAdresse FROM Adresse WHERE idUtilisateur IN (select idUtilisateur from Utilisateur where identifiant like 'paul.gilbert@gmail.com') AND typeAdresse like 'F'  LIMIT 1),(select prix from Produit where reference like 'REF-ORDINATEUR-PORTABLE-GAMER-MSI-GT75VR')+(select prix from Produit where reference like 'REF-IPHONE-7')+(select prix from Produit where reference like 'REF-IPHONE-6S'),'V');
INSERT INTO ArticleCommande(idUtilisateur,idAdresse,idCommande,totalArticleCommande,idProduit,reference,quantite,statut) VALUES ((select idUtilisateur from Utilisateur where identifiant like 'paul.gilbert@gmail.com'),(select idAdresse FROM Adresse WHERE idUtilisateur IN (select idUtilisateur from Utilisateur where identifiant like 'paul.gilbert@gmail.com') AND typeAdresse like 'L'  LIMIT 1),(SELECT MAX(idCommande) FROM Commande),(select prix from Produit where reference like 'REF-ORDINATEUR-PORTABLE-GAMER-MSI-GT75VR'),(select idProduit from Produit where reference like 'REF-ORDINATEUR-PORTABLE-GAMER-MSI-GT75VR'),'REF-ORDINATEUR-PORTABLE-GAMER-MSI-GT75VR',1,'V');
INSERT INTO ArticleCommande(idUtilisateur,idAdresse,idCommande,totalArticleCommande,idProduit,reference,quantite,statut) VALUES ((select idUtilisateur from Utilisateur where identifiant like 'paul.gilbert@gmail.com'),(select idAdresse FROM Adresse WHERE idUtilisateur IN (select idUtilisateur from Utilisateur where identifiant like 'paul.gilbert@gmail.com') AND typeAdresse like 'L'  LIMIT 1),(SELECT MAX(idCommande) FROM Commande),(select prix from Produit where reference like 'REF-IPHONE-7'),(select idProduit from Produit where reference like 'REF-IPHONE-7'),'REF-IPHONE-7',1,'V');
INSERT INTO ArticleCommande(idUtilisateur,idAdresse,idCommande,totalArticleCommande,idProduit,reference,quantite,statut) VALUES ((select idUtilisateur from Utilisateur where identifiant like 'paul.gilbert@gmail.com'),(select idAdresse FROM Adresse WHERE idUtilisateur IN (select idUtilisateur from Utilisateur where identifiant like 'paul.gilbert@gmail.com') AND typeAdresse like 'L'  LIMIT 1),(SELECT MAX(idCommande) FROM Commande),(select prix from Produit where reference like 'REF-IPHONE-6S'),(select idProduit from Produit where reference like 'REF-IPHONE-6S'),'REF-IPHONE-6S',1,'V');

INSERT INTO Commande(idUtilisateur,idAdresse,totalCommande,statut) VALUES ((select idUtilisateur from Utilisateur where identifiant like 'paul.gilbert@gmail.com'),(select idAdresse FROM Adresse WHERE idUtilisateur IN (select idUtilisateur from Utilisateur where identifiant like 'paul.gilbert@gmail.com') AND typeAdresse like 'F'  LIMIT 1),(select prix from Produit where reference like 'REF-ORDINATEUR-PORTABLE-GAMER-MSI-GT75VR')+(select prix from Produit where reference like 'REF-IPHONE-7')+(select prix from Produit where reference like 'REF-IPHONE-6S'),'V');
INSERT INTO ArticleCommande(idUtilisateur,idAdresse,idCommande,totalArticleCommande,idProduit,reference,quantite,statut) VALUES ((select idUtilisateur from Utilisateur where identifiant like 'paul.gilbert@gmail.com'),(select idAdresse FROM Adresse WHERE idUtilisateur IN (select idUtilisateur from Utilisateur where identifiant like 'paul.gilbert@gmail.com') AND typeAdresse like 'L'  LIMIT 1),(SELECT MAX(idCommande) FROM Commande),(select prix from Produit where reference like 'REF-ORDINATEUR-PORTABLE-GAMER-MSI-GT75VR'),(select idProduit from Produit where reference like 'REF-ORDINATEUR-PORTABLE-GAMER-MSI-GT75VR'),'REF-ORDINATEUR-PORTABLE-GAMER-MSI-GT75VR',1,'V');
INSERT INTO ArticleCommande(idUtilisateur,idAdresse,idCommande,totalArticleCommande,idProduit,reference,quantite,statut) VALUES ((select idUtilisateur from Utilisateur where identifiant like 'paul.gilbert@gmail.com'),(select idAdresse FROM Adresse WHERE idUtilisateur IN (select idUtilisateur from Utilisateur where identifiant like 'paul.gilbert@gmail.com') AND typeAdresse like 'L'  LIMIT 1),(SELECT MAX(idCommande) FROM Commande),(select prix from Produit where reference like 'REF-IPHONE-7'),(select idProduit from Produit where reference like 'REF-IPHONE-7'),'REF-IPHONE-7',1,'V');
INSERT INTO ArticleCommande(idUtilisateur,idAdresse,idCommande,totalArticleCommande,idProduit,reference,quantite,statut) VALUES ((select idUtilisateur from Utilisateur where identifiant like 'paul.gilbert@gmail.com'),(select idAdresse FROM Adresse WHERE idUtilisateur IN (select idUtilisateur from Utilisateur where identifiant like 'paul.gilbert@gmail.com') AND typeAdresse like 'L'  LIMIT 1),(SELECT MAX(idCommande) FROM Commande),(select prix from Produit where reference like 'REF-IPHONE-6S'),(select idProduit from Produit where reference like 'REF-IPHONE-6S'),'REF-IPHONE-6S',1,'V');

INSERT INTO Commande(idUtilisateur,idAdresse,totalCommande,statut) VALUES ((select idUtilisateur from Utilisateur where identifiant like 'paul.gilbert@gmail.com'),(select idAdresse FROM Adresse WHERE idUtilisateur IN (select idUtilisateur from Utilisateur where identifiant like 'paul.gilbert@gmail.com') AND typeAdresse like 'F'  LIMIT 1),(select prix from Produit where reference like 'REF-ORDINATEUR-PORTABLE-GAMER-MSI-GT75VR')+(select prix from Produit where reference like 'REF-IPHONE-7')+(select prix from Produit where reference like 'REF-IPHONE-6S'),'V');
INSERT INTO ArticleCommande(idUtilisateur,idAdresse,idCommande,totalArticleCommande,idProduit,reference,quantite,statut) VALUES ((select idUtilisateur from Utilisateur where identifiant like 'paul.gilbert@gmail.com'),(select idAdresse FROM Adresse WHERE idUtilisateur IN (select idUtilisateur from Utilisateur where identifiant like 'paul.gilbert@gmail.com') AND typeAdresse like 'L'  LIMIT 1),(SELECT MAX(idCommande) FROM Commande),(select prix from Produit where reference like 'REF-ORDINATEUR-PORTABLE-GAMER-MSI-GT75VR'),(select idProduit from Produit where reference like 'REF-ORDINATEUR-PORTABLE-GAMER-MSI-GT75VR'),'REF-ORDINATEUR-PORTABLE-GAMER-MSI-GT75VR',1,'V');
INSERT INTO ArticleCommande(idUtilisateur,idAdresse,idCommande,totalArticleCommande,idProduit,reference,quantite,statut) VALUES ((select idUtilisateur from Utilisateur where identifiant like 'paul.gilbert@gmail.com'),(select idAdresse FROM Adresse WHERE idUtilisateur IN (select idUtilisateur from Utilisateur where identifiant like 'paul.gilbert@gmail.com') AND typeAdresse like 'L'  LIMIT 1),(SELECT MAX(idCommande) FROM Commande),(select prix from Produit where reference like 'REF-IPHONE-7'),(select idProduit from Produit where reference like 'REF-IPHONE-7'),'REF-IPHONE-7',1,'V');
INSERT INTO ArticleCommande(idUtilisateur,idAdresse,idCommande,totalArticleCommande,idProduit,reference,quantite,statut) VALUES ((select idUtilisateur from Utilisateur where identifiant like 'paul.gilbert@gmail.com'),(select idAdresse FROM Adresse WHERE idUtilisateur IN (select idUtilisateur from Utilisateur where identifiant like 'paul.gilbert@gmail.com') AND typeAdresse like 'L'  LIMIT 1),(SELECT MAX(idCommande) FROM Commande),(select prix from Produit where reference like 'REF-IPHONE-6S'),(select idProduit from Produit where reference like 'REF-IPHONE-6S'),'REF-IPHONE-6S',1,'V');


INSERT INTO Commande(idUtilisateur,idAdresse,totalCommande,statut) VALUES ((select idUtilisateur from Utilisateur where identifiant like 'nicolas.petit@gmail.com'),(select idAdresse FROM Adresse WHERE idUtilisateur IN (select idUtilisateur from Utilisateur where identifiant like 'nicolas.petit@gmail.com') AND typeAdresse like 'F'  LIMIT 1),(select prix from Produit where reference like 'REF-ORDINATEUR-PORTABLE-ASUS-ZENBOOK')+(select prix from Produit where reference like 'REF-ORDINATEUR-PORTABLE-ACER-ASPIRE-E5-774-36WT')+(select prix from Produit where reference like 'REF-SOURIS-GAMER-ASUS'),'V');
INSERT INTO ArticleCommande(idUtilisateur,idAdresse,idCommande,totalArticleCommande,idProduit,reference,quantite,statut) VALUES ((select idUtilisateur from Utilisateur where identifiant like 'nicolas.petit@gmail.com'),(select idAdresse FROM Adresse WHERE idUtilisateur IN (select idUtilisateur from Utilisateur where identifiant like 'nicolas.petit@gmail.com') AND typeAdresse like 'L'  LIMIT 1),(SELECT MAX(idCommande) FROM Commande),(select prix from Produit where reference like 'REF-ORDINATEUR-PORTABLE-ASUS-ZENBOOK'),(select idProduit from Produit where reference like 'REF-ORDINATEUR-PORTABLE-ASUS-ZENBOOK'),'REF-ORDINATEUR-PORTABLE-ASUS-ZENBOOK',1,'V');
INSERT INTO ArticleCommande(idUtilisateur,idAdresse,idCommande,totalArticleCommande,idProduit,reference,quantite,statut) VALUES ((select idUtilisateur from Utilisateur where identifiant like 'nicolas.petit@gmail.com'),(select idAdresse FROM Adresse WHERE idUtilisateur IN (select idUtilisateur from Utilisateur where identifiant like 'nicolas.petit@gmail.com') AND typeAdresse like 'L'  LIMIT 1),(SELECT MAX(idCommande) FROM Commande),(select prix from Produit where reference like 'REF-ORDINATEUR-PORTABLE-ACER-ASPIRE-E5-774-36WT'),(select idProduit from Produit where reference like 'REF-ORDINATEUR-PORTABLE-ACER-ASPIRE-E5-774-36WT'),'REF-ORDINATEUR-PORTABLE-ACER-ASPIRE-E5-774-36WT',1,'V');
INSERT INTO ArticleCommande(idUtilisateur,idAdresse,idCommande,totalArticleCommande,idProduit,reference,quantite,statut) VALUES ((select idUtilisateur from Utilisateur where identifiant like 'nicolas.petit@gmail.com'),(select idAdresse FROM Adresse WHERE idUtilisateur IN (select idUtilisateur from Utilisateur where identifiant like 'nicolas.petit@gmail.com') AND typeAdresse like 'L'  LIMIT 1),(SELECT MAX(idCommande) FROM Commande),(select prix from Produit where reference like 'REF-SOURIS-GAMER-ASUS'),(select idProduit from Produit where reference like 'REF-SOURIS-GAMER-ASUS'),'REF-SOURIS-GAMER-ASUS',1,'V');

INSERT INTO Commande(idUtilisateur,idAdresse,totalCommande,statut) VALUES ((select idUtilisateur from Utilisateur where identifiant like 'nicolas.petit@gmail.com'),(select idAdresse FROM Adresse WHERE idUtilisateur IN (select idUtilisateur from Utilisateur where identifiant like 'nicolas.petit@gmail.com') AND typeAdresse like 'F'  LIMIT 1),(select prix from Produit where reference like 'REF-ORDINATEUR-PORTABLE-ASUS-ZENBOOK')+(select prix from Produit where reference like 'REF-ORDINATEUR-PORTABLE-ACER-ASPIRE-E5-774-36WT')+(select prix from Produit where reference like 'REF-SOURIS-GAMER-ASUS'),'V');
INSERT INTO ArticleCommande(idUtilisateur,idAdresse,idCommande,totalArticleCommande,idProduit,reference,quantite,statut) VALUES ((select idUtilisateur from Utilisateur where identifiant like 'nicolas.petit@gmail.com'),(select idAdresse FROM Adresse WHERE idUtilisateur IN (select idUtilisateur from Utilisateur where identifiant like 'nicolas.petit@gmail.com') AND typeAdresse like 'L'  LIMIT 1),(SELECT MAX(idCommande) FROM Commande),(select prix from Produit where reference like 'REF-ORDINATEUR-PORTABLE-ASUS-ZENBOOK'),(select idProduit from Produit where reference like 'REF-ORDINATEUR-PORTABLE-ASUS-ZENBOOK'),'REF-ORDINATEUR-PORTABLE-ASUS-ZENBOOK',1,'V');
INSERT INTO ArticleCommande(idUtilisateur,idAdresse,idCommande,totalArticleCommande,idProduit,reference,quantite,statut) VALUES ((select idUtilisateur from Utilisateur where identifiant like 'nicolas.petit@gmail.com'),(select idAdresse FROM Adresse WHERE idUtilisateur IN (select idUtilisateur from Utilisateur where identifiant like 'nicolas.petit@gmail.com') AND typeAdresse like 'L'  LIMIT 1),(SELECT MAX(idCommande) FROM Commande),(select prix from Produit where reference like 'REF-ORDINATEUR-PORTABLE-ACER-ASPIRE-E5-774-36WT'),(select idProduit from Produit where reference like 'REF-ORDINATEUR-PORTABLE-ACER-ASPIRE-E5-774-36WT'),'REF-ORDINATEUR-PORTABLE-ACER-ASPIRE-E5-774-36WT',1,'V');
INSERT INTO ArticleCommande(idUtilisateur,idAdresse,idCommande,totalArticleCommande,idProduit,reference,quantite,statut) VALUES ((select idUtilisateur from Utilisateur where identifiant like 'nicolas.petit@gmail.com'),(select idAdresse FROM Adresse WHERE idUtilisateur IN (select idUtilisateur from Utilisateur where identifiant like 'nicolas.petit@gmail.com') AND typeAdresse like 'L'  LIMIT 1),(SELECT MAX(idCommande) FROM Commande),(select prix from Produit where reference like 'REF-SOURIS-GAMER-ASUS'),(select idProduit from Produit where reference like 'REF-SOURIS-GAMER-ASUS'),'REF-SOURIS-GAMER-ASUS',1,'V');


INSERT INTO Commande(idUtilisateur,idAdresse,totalCommande,statut) VALUES ((select idUtilisateur from Utilisateur where identifiant like 'harry.cover@gmail.com'),(select idAdresse FROM Adresse WHERE idUtilisateur IN (select idUtilisateur from Utilisateur where identifiant like 'harry.cover@gmail.com') AND typeAdresse like 'F'  LIMIT 1),(select prix from Produit where reference like 'REF-TELE-SAMSUNG-3D')+(select prix from Produit where reference like 'REF-CANAPE-ANGLE-CUIR')+(select prix from Produit where reference like 'REF-FOUR-MICRO-ONDE'),'V');
INSERT INTO ArticleCommande(idUtilisateur,idAdresse,idCommande,totalArticleCommande,idProduit,reference,quantite,statut) VALUES ((select idUtilisateur from Utilisateur where identifiant like 'harry.cover@gmail.com'),(select idAdresse FROM Adresse WHERE idUtilisateur IN (select idUtilisateur from Utilisateur where identifiant like 'harry.cover@gmail.com') AND typeAdresse like 'L'  LIMIT 1),(SELECT MAX(idCommande) FROM Commande),(select prix from Produit where reference like 'REF-TELE-SAMSUNG-3D'),(select idProduit from Produit where reference like 'REF-TELE-SAMSUNG-3D'),'REF-TELE-SAMSUNG-3D',1,'V');
INSERT INTO ArticleCommande(idUtilisateur,idAdresse,idCommande,totalArticleCommande,idProduit,reference,quantite,statut) VALUES ((select idUtilisateur from Utilisateur where identifiant like 'harry.cover@gmail.com'),(select idAdresse FROM Adresse WHERE idUtilisateur IN (select idUtilisateur from Utilisateur where identifiant like 'harry.cover@gmail.com') AND typeAdresse like 'L'  LIMIT 1),(SELECT MAX(idCommande) FROM Commande),(select prix from Produit where reference like 'REF-CANAPE-ANGLE-CUIR'),(select idProduit from Produit where reference like 'REF-CANAPE-ANGLE-CUIR'),'REF-CANAPE-ANGLE-CUIR',1,'V');
INSERT INTO ArticleCommande(idUtilisateur,idAdresse,idCommande,totalArticleCommande,idProduit,reference,quantite,statut) VALUES ((select idUtilisateur from Utilisateur where identifiant like 'harry.cover@gmail.com'),(select idAdresse FROM Adresse WHERE idUtilisateur IN (select idUtilisateur from Utilisateur where identifiant like 'harry.cover@gmail.com') AND typeAdresse like 'L'  LIMIT 1),(SELECT MAX(idCommande) FROM Commande),(select prix from Produit where reference like 'REF-FOUR-MICRO-ONDE'),(select idProduit from Produit where reference like 'REF-FOUR-MICRO-ONDE'),'REF-FOUR-MICRO-ONDE',1,'V');


INSERT INTO Commande(idUtilisateur,idAdresse,totalCommande,statut) VALUES ((select idUtilisateur from Utilisateur where identifiant like 'serge.lama@gmail.com'),(select idAdresse FROM Adresse WHERE idUtilisateur IN (select idUtilisateur from Utilisateur where identifiant like 'serge.lama@gmail.com') AND typeAdresse like 'F'  LIMIT 1),(select prix from Produit where reference like 'REF-TELE-SAMSUNG-3D')+(select prix from Produit where reference like 'REF-CANAPE-ANGLE-CUIR')+(select prix from Produit where reference like 'REF-IPHONE-5'),'V');
INSERT INTO ArticleCommande(idUtilisateur,idAdresse,idCommande,totalArticleCommande,idProduit,reference,quantite,statut) VALUES ((select idUtilisateur from Utilisateur where identifiant like 'serge.lama@gmail.com'),(select idAdresse FROM Adresse WHERE idUtilisateur IN (select idUtilisateur from Utilisateur where identifiant like 'serge.lama@gmail.com') AND typeAdresse like 'L'  LIMIT 1),(SELECT MAX(idCommande) FROM Commande),(select prix from Produit where reference like 'REF-TELE-SAMSUNG-3D'),(select idProduit from Produit where reference like 'REF-TELE-SAMSUNG-3D'),'REF-TELE-SAMSUNG-3D',1,'V');
INSERT INTO ArticleCommande(idUtilisateur,idAdresse,idCommande,totalArticleCommande,idProduit,reference,quantite,statut) VALUES ((select idUtilisateur from Utilisateur where identifiant like 'serge.lama@gmail.com'),(select idAdresse FROM Adresse WHERE idUtilisateur IN (select idUtilisateur from Utilisateur where identifiant like 'serge.lama@gmail.com') AND typeAdresse like 'L'  LIMIT 1),(SELECT MAX(idCommande) FROM Commande),(select prix from Produit where reference like 'REF-CANAPE-ANGLE-CUIR'),(select idProduit from Produit where reference like 'REF-CANAPE-ANGLE-CUIR'),'REF-CANAPE-ANGLE-CUIR',1,'V');
INSERT INTO ArticleCommande(idUtilisateur,idAdresse,idCommande,totalArticleCommande,idProduit,reference,quantite,statut) VALUES ((select idUtilisateur from Utilisateur where identifiant like 'serge.lama@gmail.com'),(select idAdresse FROM Adresse WHERE idUtilisateur IN (select idUtilisateur from Utilisateur where identifiant like 'serge.lama@gmail.com') AND typeAdresse like 'L'  LIMIT 1),(SELECT MAX(idCommande) FROM Commande),(select prix from Produit where reference like 'REF-IPHONE-5'),(select idProduit from Produit where reference like 'REF-IPHONE-5'),'REF-IPHONE-5',1,'V');


INSERT INTO Commande(idUtilisateur,idAdresse,totalCommande,statut) VALUES ((select idUtilisateur from Utilisateur where identifiant like 'serge.lama@gmail.com'),(select idAdresse FROM Adresse WHERE idUtilisateur IN (select idUtilisateur from Utilisateur where identifiant like 'serge.lama@gmail.com') AND typeAdresse like 'F'  LIMIT 1),(select prix from Produit where reference like 'REF-TELE-SAMSUNG-3D')+(select prix from Produit where reference like 'REF-CANAPE-ANGLE-CUIR')+(select prix from Produit where reference like 'REF-IPHONE-5'),'V');
INSERT INTO ArticleCommande(idUtilisateur,idAdresse,idCommande,totalArticleCommande,idProduit,reference,quantite,statut) VALUES ((select idUtilisateur from Utilisateur where identifiant like 'serge.lama@gmail.com'),(select idAdresse FROM Adresse WHERE idUtilisateur IN (select idUtilisateur from Utilisateur where identifiant like 'serge.lama@gmail.com') AND typeAdresse like 'L'  LIMIT 1),(SELECT MAX(idCommande) FROM Commande),(select prix from Produit where reference like 'REF-TELE-SAMSUNG-3D'),(select idProduit from Produit where reference like 'REF-TELE-SAMSUNG-3D'),'REF-TELE-SAMSUNG-3D',1,'V');
INSERT INTO ArticleCommande(idUtilisateur,idAdresse,idCommande,totalArticleCommande,idProduit,reference,quantite,statut) VALUES ((select idUtilisateur from Utilisateur where identifiant like 'serge.lama@gmail.com'),(select idAdresse FROM Adresse WHERE idUtilisateur IN (select idUtilisateur from Utilisateur where identifiant like 'serge.lama@gmail.com') AND typeAdresse like 'L'  LIMIT 1),(SELECT MAX(idCommande) FROM Commande),(select prix from Produit where reference like 'REF-CANAPE-ANGLE-CUIR'),(select idProduit from Produit where reference like 'REF-CANAPE-ANGLE-CUIR'),'REF-CANAPE-ANGLE-CUIR',1,'V');
INSERT INTO ArticleCommande(idUtilisateur,idAdresse,idCommande,totalArticleCommande,idProduit,reference,quantite,statut) VALUES ((select idUtilisateur from Utilisateur where identifiant like 'serge.lama@gmail.com'),(select idAdresse FROM Adresse WHERE idUtilisateur IN (select idUtilisateur from Utilisateur where identifiant like 'serge.lama@gmail.com') AND typeAdresse like 'L'  LIMIT 1),(SELECT MAX(idCommande) FROM Commande),(select prix from Produit where reference like 'REF-IPHONE-5'),(select idProduit from Produit where reference like 'REF-IPHONE-5'),'REF-IPHONE-5',1,'V');

INSERT INTO Commande(idUtilisateur,idAdresse,totalCommande,statut) VALUES ((select idUtilisateur from Utilisateur where identifiant like 'serge.lama@gmail.com'),(select idAdresse FROM Adresse WHERE idUtilisateur IN (select idUtilisateur from Utilisateur where identifiant like 'serge.lama@gmail.com') AND typeAdresse like 'F'  LIMIT 1),(select prix from Produit where reference like 'REF-TELE-SAMSUNG-3D')+(select prix from Produit where reference like 'REF-CANAPE-ANGLE-CUIR')+(select prix from Produit where reference like 'REF-IPHONE-5'),'V');
INSERT INTO ArticleCommande(idUtilisateur,idAdresse,idCommande,totalArticleCommande,idProduit,reference,quantite,statut) VALUES ((select idUtilisateur from Utilisateur where identifiant like 'serge.lama@gmail.com'),(select idAdresse FROM Adresse WHERE idUtilisateur IN (select idUtilisateur from Utilisateur where identifiant like 'serge.lama@gmail.com') AND typeAdresse like 'L'  LIMIT 1),(SELECT MAX(idCommande) FROM Commande),(select prix from Produit where reference like 'REF-TELE-SAMSUNG-3D'),(select idProduit from Produit where reference like 'REF-TELE-SAMSUNG-3D'),'REF-TELE-SAMSUNG-3D',1,'V');
INSERT INTO ArticleCommande(idUtilisateur,idAdresse,idCommande,totalArticleCommande,idProduit,reference,quantite,statut) VALUES ((select idUtilisateur from Utilisateur where identifiant like 'serge.lama@gmail.com'),(select idAdresse FROM Adresse WHERE idUtilisateur IN (select idUtilisateur from Utilisateur where identifiant like 'serge.lama@gmail.com') AND typeAdresse like 'L'  LIMIT 1),(SELECT MAX(idCommande) FROM Commande),(select prix from Produit where reference like 'REF-CANAPE-ANGLE-CUIR'),(select idProduit from Produit where reference like 'REF-CANAPE-ANGLE-CUIR'),'REF-CANAPE-ANGLE-CUIR',1,'V');
INSERT INTO ArticleCommande(idUtilisateur,idAdresse,idCommande,totalArticleCommande,idProduit,reference,quantite,statut) VALUES ((select idUtilisateur from Utilisateur where identifiant like 'serge.lama@gmail.com'),(select idAdresse FROM Adresse WHERE idUtilisateur IN (select idUtilisateur from Utilisateur where identifiant like 'serge.lama@gmail.com') AND typeAdresse like 'L'  LIMIT 1),(SELECT MAX(idCommande) FROM Commande),(select prix from Produit where reference like 'REF-IPHONE-5'),(select idProduit from Produit where reference like 'REF-IPHONE-5'),'REF-IPHONE-5',1,'V');

INSERT INTO Commande(idUtilisateur,idAdresse,totalCommande,statut) VALUES ((select idUtilisateur from Utilisateur where identifiant like 'serge.lama@gmail.com'),(select idAdresse FROM Adresse WHERE idUtilisateur IN (select idUtilisateur from Utilisateur where identifiant like 'serge.lama@gmail.com') AND typeAdresse like 'F'  LIMIT 1),(select prix from Produit where reference like 'REF-TELE-SAMSUNG-3D')+(select prix from Produit where reference like 'REF-CANAPE-ANGLE-CUIR')+(select prix from Produit where reference like 'REF-IPHONE-5'),'V');
INSERT INTO ArticleCommande(idUtilisateur,idAdresse,idCommande,totalArticleCommande,idProduit,reference,quantite,statut) VALUES ((select idUtilisateur from Utilisateur where identifiant like 'serge.lama@gmail.com'),(select idAdresse FROM Adresse WHERE idUtilisateur IN (select idUtilisateur from Utilisateur where identifiant like 'serge.lama@gmail.com') AND typeAdresse like 'L'  LIMIT 1),(SELECT MAX(idCommande) FROM Commande),(select prix from Produit where reference like 'REF-TELE-SAMSUNG-3D'),(select idProduit from Produit where reference like 'REF-TELE-SAMSUNG-3D'),'REF-TELE-SAMSUNG-3D',1,'V');
INSERT INTO ArticleCommande(idUtilisateur,idAdresse,idCommande,totalArticleCommande,idProduit,reference,quantite,statut) VALUES ((select idUtilisateur from Utilisateur where identifiant like 'serge.lama@gmail.com'),(select idAdresse FROM Adresse WHERE idUtilisateur IN (select idUtilisateur from Utilisateur where identifiant like 'serge.lama@gmail.com') AND typeAdresse like 'L'  LIMIT 1),(SELECT MAX(idCommande) FROM Commande),(select prix from Produit where reference like 'REF-CANAPE-ANGLE-CUIR'),(select idProduit from Produit where reference like 'REF-CANAPE-ANGLE-CUIR'),'REF-CANAPE-ANGLE-CUIR',1,'V');
INSERT INTO ArticleCommande(idUtilisateur,idAdresse,idCommande,totalArticleCommande,idProduit,reference,quantite,statut) VALUES ((select idUtilisateur from Utilisateur where identifiant like 'serge.lama@gmail.com'),(select idAdresse FROM Adresse WHERE idUtilisateur IN (select idUtilisateur from Utilisateur where identifiant like 'serge.lama@gmail.com') AND typeAdresse like 'L'  LIMIT 1),(SELECT MAX(idCommande) FROM Commande),(select prix from Produit where reference like 'REF-IPHONE-5'),(select idProduit from Produit where reference like 'REF-IPHONE-5'),'REF-IPHONE-5',1,'V');
